#clustering method	cluster number	cluster color	gene count	protein name	protein identifier	protein description
MCL	1	Red	33	ADSL	9606.ENSP00000485525	Adenylosuccinate lyase; Catalyzes two non-sequential steps in de novo AMP synthesis: converts (S)-2-(5-amino-1-(5-phospho-D- ribosyl)imidazole-4-carboxamido)succinate (SAICAR) to fumarate plus 5-amino-1-(5-phospho-D-ribosyl)imidazole-4-carboxamide, and thereby also contributes to de novo IMP synthesis, and converts succinyladenosine monophosphate (SAMP) to AMP and fumarate; Belongs to the lyase 1 family. Adenylosuccinate lyase subfamily
MCL	1	Red	33	ARHGEF9	9606.ENSP00000253401	Rho guanine nucleotide exchange factor 9; Acts as guanine nucleotide exchange factor (GEF) for CDC42. Promotes formation of GPHN clusters; Pleckstrin homology domain containing
MCL	1	Red	33	ARX	9606.ENSP00000368332	Homeobox protein ARX; Transcription factor required for normal brain development. May be important for maintenance of specific neuronal subtypes in the cerebral cortex and axonal guidance in the floor plate; Belongs to the paired homeobox family. Bicoid subfamily
MCL	1	Red	33	BRSK2	9606.ENSP00000371614	Serine/threonine-protein kinase BRSK2; Serine/threonine-protein kinase that plays a key role in polarization of neurons and axonogenesis, cell cycle progress and insulin secretion. Phosphorylates CDK16, CDC25C, MAPT/TAU, PAK1 and WEE1. Following phosphorylation and activation by STK11/LKB1, acts as a key regulator of polarization of cortical neurons, probably by mediating phosphorylation of microtubule-associated proteins such as MAPT/TAU at 'Thr-529' and 'Ser-579'. Also regulates neuron polarization by mediating phosphorylation of WEE1 at 'Ser-642' in postmitotic neurons, leading to d [...] 
MCL	1	Red	33	CASK	9606.ENSP00000367408	Peripheral plasma membrane protein CASK; Multidomain scaffolding protein with a role in synaptic transmembrane protein anchoring and ion channel trafficking. Contributes to neural development and regulation of gene expression via interaction with the transcription factor TBR1. Binds to cell-surface proteins, including amyloid precursor protein, neurexins and syndecans. May mediate a link between the extracellular matrix and the actin cytoskeleton via its interaction with syndecan and with the actin/spectrin-binding protein 4.1; In the N-terminal section; belongs to the protein kinase s [...] 
MCL	1	Red	33	DLG4	9606.ENSP00000382428	Disks large homolog 4; Interacts with the cytoplasmic tail of NMDA receptor subunits and shaker-type potassium channels. Required for synaptic plasticity associated with NMDA receptor signaling. Overexpression or depletion of DLG4 changes the ratio of excitatory to inhibitory synapses in hippocampal neurons. May reduce the amplitude of ASIC3 acid-evoked currents by retaining the channel intracellularly. May regulate the intracellular trafficking of ADR1B (By similarity); Belongs to the MAGUK family
MCL	1	Red	33	DPYSL2	9606.ENSP00000309539	Dihydropyrimidinase-related protein 2; Plays a role in neuronal development and polarity, as well as in axon growth and guidance, neuronal growth cone collapse and cell migration. Necessary for signaling by class 3 semaphorins and subsequent remodeling of the cytoskeleton. May play a role in endocytosis; Belongs to the metallo-dependent hydrolases superfamily. Hydantoinase/dihydropyrimidinase family
MCL	1	Red	33	DSCAM	9606.ENSP00000383303	Down syndrome cell adhesion molecule; Cell adhesion molecule that plays a role in neuronal self-avoidance. Promotes repulsion between specific neuronal processes of either the same cell or the same subtype of cells. Mediates within retinal amacrine and ganglion cell subtypes both isoneuronal self-avoidance for creating an orderly dendritic arborization and heteroneuronal self-avoidance to maintain the mosaic spacing between amacrine and ganglion cell bodies. Receptor for netrin required for axon guidance independently of and in collaboration with the receptor DCC. In spinal chord devel [...] 
MCL	1	Red	33	ELAVL3	9606.ENSP00000352162	ELAV-like protein 3; Binds to AU-rich sequences (AREs) of target mRNAs, including VEGF mRNA. May also bind poly-A tracts via RRM 3 (By similarity). May be involved in neuronal differentiation and maintenance; Belongs to the RRM elav family
MCL	1	Red	33	GABRB3	9606.ENSP00000308725	Gamma-aminobutyric acid receptor subunit beta-3; Component of the heteropentameric receptor for GABA, the major inhibitory neurotransmitter in the vertebrate brain. Functions also as histamine receptor and mediates cellular responses to histamine. Functions as receptor for diazepines and various anesthetics, such as pentobarbital; these are bound at a separate allosteric effector binding site. Functions as ligand- gated chloride channel; Belongs to the ligand-gated ion channel (TC 1.A.9) family. Gamma-aminobutyric acid receptor (TC 1.A.9.5) subfamily. GABRB3 sub-subfamily
MCL	1	Red	33	GFAP	9606.ENSP00000468500	Glial fibrillary acidic protein; GFAP, a class-III intermediate filament, is a cell- specific marker that, during the development of the central nervous system, distinguishes astrocytes from other glial cells
MCL	1	Red	33	GRIN2B	9606.ENSP00000477455	Glutamate receptor ionotropic, NMDA 2B; Component of NMDA receptor complexes that function as heterotetrameric, ligand-gated ion channels with high calcium permeability and voltage-dependent sensitivity to magnesium. Channel activation requires binding of the neurotransmitter glutamate to the epsilon subunit, glycine binding to the zeta subunit, plus membrane depolarization to eliminate channel inhibition by Mg(2+). Sensitivity to glutamate and channel kinetics depend on the subunit composition. In concert with DAPK1 at extrasynaptic sites, acts as a central mediator for stroke damage. [...] 
MCL	1	Red	33	IQSEC2	9606.ENSP00000379712	IQ motif and SEC7 domain-containing protein 2; Is a guanine nucleotide exchange factor for the ARF GTP- binding proteins; X-linked mental retardation
MCL	1	Red	33	LLGL1	9606.ENSP00000321537	LLGL1, scribble cell polarity complex component; Lethal(2) giant larvae protein homolog 1; Cortical cytoskeleton protein found in a complex involved in maintaining cell polarity and epithelial integrity. Involved in the regulation of mitotic spindle orientation, proliferation, differentiation and tissue organization of neuroepithelial cells. Involved in axonogenesis through RAB10 activation thereby regulating vesicular membrane trafficking toward the axonal plasma membrane
MCL	1	Red	33	LRRC4C	9606.ENSP00000278198	Leucine-rich repeat-containing protein 4C; May promote neurite outgrowth of developing thalamic neurons; I-set domain containing
MCL	1	Red	33	MAP1A	9606.ENSP00000300231	Microtubule-associated protein 1A; Structural protein involved in the filamentous cross- bridging between microtubules and other skeletal elements
MCL	1	Red	33	NBEA	9606.ENSP00000383295	Neurobeachin; Binds to type II regulatory subunits of protein kinase A and anchors/targets them to the membrane. May anchor the kinase to cytoskeletal and/or organelle-associated proteins (By similarity); Belongs to the WD repeat neurobeachin family
MCL	1	Red	33	NLGN2	9606.ENSP00000305288	Neuroligin-2; Transmembrane scaffolding protein involved in cell-cell interactions via its interactions with neurexin family members. Mediates cell-cell interactions both in neurons and in other types of cells, such as Langerhans beta cells. Plays a role in synapse function and synaptic signal transmission, especially via gamma- aminobutyric acid receptors (GABA(A) receptors). Functions by recruiting and clustering synaptic proteins. Promotes clustering of postsynaptic GABRG2 and GPHN. Modulates signaling by inhibitory synapses, and thereby plays a role in controlling the ratio of sign [...] 
MCL	1	Red	33	NLGN3	9606.ENSP00000351591	Neuroligin-3; Cell surface protein involved in cell-cell-interactions via its interactions with neurexin family members. Plays a role in synapse function and synaptic signal transmission, and may mediate its effects by clustering other synaptic proteins. May promote the initial formation of synapses, but is not essential for this. May also play a role in glia-glia or glia-neuron interactions in the developing peripheral nervous system (By similarity); Neuroligins
MCL	1	Red	33	NLGN4X	9606.ENSP00000370485	Neuroligin-4, X-linked; Putative neuronal cell surface protein involved in cell- cell-interactions; Belongs to the type-B carboxylesterase/lipase family
MCL	1	Red	33	NRXN1	9606.ENSP00000385142	Neurexin-1; Cell surface protein involved in cell-cell-interactions, exocytosis of secretory granules and regulation of signal transmission. Function is isoform-specific. Alpha-type isoforms have a long N-terminus with six laminin G-like domains and play an important role in synaptic signal transmission. Alpha-type isoforms play a role in the regulation of calcium channel activity and Ca(2+)-triggered neurotransmitter release at synapses and at neuromuscular junctions. They play an important role in Ca(2+)- triggered exocytosis of secretory granules in pituitary gland. They may effect  [...] 
MCL	1	Red	33	NRXN2	9606.ENSP00000265459	Neurexin-2; Neuronal cell surface protein that may be involved in cell recognition and cell adhesion. May mediate intracellular signaling; Neurexins
MCL	1	Red	33	NRXN3	9606.ENSP00000451648	Neurexin-3; Neuronal cell surface protein that may be involved in cell recognition and cell adhesion. May mediate intracellular signaling; Neurexins
MCL	1	Red	33	PTCHD1	9606.ENSP00000368666	Patched domain-containing protein 1; Required for the development and function of the thalamic reticular nucleus (TRN), a part of the thalamus that is critical for thalamocortical transmission, generation of sleep rhythms, sensorimotor processing and attention
MCL	1	Red	33	RELN	9606.ENSP00000392423	Reelin; Extracellular matrix serine protease that plays a role in layering of neurons in the cerebral cortex and cerebellum. Regulates microtubule function in neurons and neuronal migration. Affects migration of sympathetic preganglionic neurons in the spinal cord, where it seems to act as a barrier to neuronal migration. Enzymatic activity is important for the modulation of cell adhesion. Binding to the extracellular domains of lipoprotein receptors VLDLR and LRP8/APOER2 induces tyrosine phosphorylation of DAB1 and modulation of TAU phosphorylation (By similarity); Belongs to the reel [...] 
MCL	1	Red	33	RIMS1	9606.ENSP00000428417	Regulating synaptic membrane exocytosis protein 1; Rab effector involved in exocytosis (By similarity). May act as scaffold protein that regulates neurotransmitter release at the active zone. Essential for maintaining normal probability of neurotransmitter release and for regulating release during short- term synaptic plasticity (By similarity). Plays a role in dendrite formation by melanocytes; PDZ domain containing
MCL	1	Red	33	SHANK2	9606.ENSP00000469689	SH3 and multiple ankyrin repeat domains protein 2; Seems to be an adapter protein in the postsynaptic density (PSD) of excitatory synapses that interconnects receptors of the postsynaptic membrane including NMDA-type and metabotropic glutamate receptors, and the actin-based cytoskeleton. May play a role in the structural and functional organization of the dendritic spine and synaptic junction; Belongs to the SHANK family
MCL	1	Red	33	SLC6A1	9606.ENSP00000287766	Sodium- and chloride-dependent GABA transporter 1; Terminates the action of GABA by its high affinity sodium-dependent reuptake into presynaptic terminals; Belongs to the sodium:neurotransmitter symporter (SNF) (TC 2.A.22) family. SLC6A1 subfamily
MCL	1	Red	33	STXBP1	9606.ENSP00000362399	Syntaxin-binding protein 1; May participate in the regulation of synaptic vesicle docking and fusion, possibly through interaction with GTP-binding proteins. Essential for neurotransmission and binds syntaxin, a component of the synaptic vesicle fusion machinery probably in a 1:1 ratio. Can interact with syntaxins 1, 2, and 3 but not syntaxin 4. May play a role in determining the specificity of intracellular fusion reactions
MCL	1	Red	33	SYN1	9606.ENSP00000295987	Synapsin-1; Neuronal phosphoprotein that coats synaptic vesicles, binds to the cytoskeleton, and is believed to function in the regulation of neurotransmitter release. The complex formed with NOS1 and CAPON proteins is necessary for specific nitric-oxid functions at a presynaptic level; Synapsins
MCL	1	Red	33	SYNGAP1	9606.ENSP00000403636	Ras/Rap GTPase-activating protein SynGAP; Major constituent of the PSD essential for postsynaptic signaling. Inhibitory regulator of the Ras-cAMP pathway. Member of the NMDAR signaling complex in excitatory synapses, it may play a role in NMDAR-dependent control of AMPAR potentiation, AMPAR membrane trafficking and synaptic plasticity. Regulates AMPAR- mediated miniature excitatory postsynaptic currents. Exhibits dual GTPase-activating specificity for Ras and Rap. May be involved in certain forms of brain injury, leading to long-term learning and memory deficits (By similarity); C2 and [...] 
MCL	1	Red	33	TANC2	9606.ENSP00000387593	Protein TANC2; Tetratricopeptide repeat, ankyrin repeat and coiled-coil containing 2; Belongs to the TANC family
MCL	1	Red	33	TRIO	9606.ENSP00000339299	Triple functional domain protein; Guanine nucleotide exchange factor (GEF) for RHOA and RAC1 GTPases. Involved in coordinating actin remodeling, which is necessary for cell migration and growth. In developing hippocampal neurons, limits dendrite formation, without affecting the establishment of axon polarity. Once dendrites are formed, involved in the control of synaptic function by regulating the endocytosis of AMPA-selective glutamate receptors (AMPARs) at CA1 excitatory synapses (By similarity). May act as a regulator of adipogenesis (By similarity); Belongs to the protein kinase su [...] 
MCL	2	Salmon	25	ARID1B	9606.ENSP00000344546	AT-rich interactive domain-containing protein 1B; Involved in transcriptional activation and repression of select genes by chromatin remodeling (alteration of DNA-nucleosome topology). Component of SWI/SNF chromatin remodeling complexes that carry out key enzymatic activities, changing chromatin structure by altering DNA-histone contacts within a nucleosome in an ATP-dependent manner. Belongs to the neural progenitors- specific chromatin remodeling complex (npBAF complex) and the neuron-specific chromatin remodeling complex (nBAF complex). During neural development a switch from a stem [...] 
MCL	2	Salmon	25	ASXL3	9606.ENSP00000269197	Additional sex combs like 3, transcriptional regulator; Putative Polycomb group protein ASXL3; Putative Polycomb group (PcG) protein. PcG proteins act by forming multiprotein complexes, which are required to maintain the transcriptionally repressive state of homeotic genes throughout development. PcG proteins are not required to initiate repression, but to maintain it during later stages of development. They probably act via methylation of histones, rendering chromatin heritably changed in its expressibility (By similarity)
MCL	2	Salmon	25	ATRX	9606.ENSP00000362441	Transcriptional regulator ATRX; Involved in transcriptional regulation and chromatin remodeling. Facilitates DNA replication in multiple cellular environments and is required for efficient replication of a subset of genomic loci. Binds to DNA tandem repeat sequences in both telomeres and euchromatin and in vitro binds DNA quadruplex structures. May help stabilizing G-rich regions into regular chromatin structures by remodeling G4 DNA and incorporating H3.3- containing nucleosomes. Catalytic component of the chromatin remodeling complex ATRX:DAXX which has ATP-dependent DNA translocase  [...] 
MCL	2	Salmon	25	BAZ2B	9606.ENSP00000376534	Bromodomain adjacent to zinc finger domain protein 2B; May play a role in transcriptional regulation interacting with ISWI; Belongs to the WAL family
MCL	2	Salmon	25	BCL11A	9606.ENSP00000338774	Baf chromatin remodeling complex subunit bcl11a; B-cell lymphoma/leukemia 11A; Transcription factor associated with the BAF SWI/SNF chromatin remodeling complex (By similarity). Repressor of fetal hemoglobin (HbF) level. Involved in brain development. Functions as a myeloid and B-cell proto-oncogene. May play important roles in leukemogenesis and hematopoiesis. Essential factor in lymphopoiesis required for B- cell formation in fetal liver. May function as a modulator of the transcriptional repression activity of ARP1 (By similarity)
MCL	2	Salmon	25	CHD3	9606.ENSP00000369716	Chromodomain-helicase-DNA-binding protein 3; Component of the histone deacetylase NuRD complex which participates in the remodeling of chromatin by deacetylating histones. Required for anchoring centrosomal pericentrin in both interphase and mitosis, for spindle organization and centrosome integrity; Belongs to the SNF2/RAD54 helicase family
MCL	2	Salmon	25	CHD7	9606.ENSP00000392028	Chromodomain-helicase-DNA-binding protein 7; Probable transcription regulator. Maybe involved in the in 45S precursor rRNA production; DNA helicases
MCL	2	Salmon	25	CREBBP	9606.ENSP00000262367	CREB-binding protein; Acetylates histones, giving a specific tag for transcriptional activation. Also acetylates non-histone proteins, like NCOA3 and FOXO1. Binds specifically to phosphorylated CREB and enhances its transcriptional activity toward cAMP-responsive genes. Acts as a coactivator of ALX1. Acts as a circadian transcriptional coactivator which enhances the activity of the circadian transcriptional activators: NPAS2-ARNTL/BMAL1 and CLOCK- ARNTL/BMAL1 heterodimers. Acetylates PCNA; acetylation promotes removal of chromatin-bound PCNA and its degradation during nucleotide excisi [...] 
MCL	2	Salmon	25	CTCF	9606.ENSP00000264010	Transcriptional repressor CTCF; Chromatin binding factor that binds to DNA sequence specific sites. Involved in transcriptional regulation by binding to chromatin insulators and preventing interaction between promoter and nearby enhancers and silencers. Acts as transcriptional repressor binding to promoters of vertebrate MYC gene and BAG1 gene. Also binds to the PLK and PIM1 promoters. Acts as a transcriptional activator of APP. Regulates APOA1/C3/A4/A5 gene cluster and controls MHC class II gene expression. Plays an essential role in oocyte and preimplantation embryo development by ac [...] 
MCL	2	Salmon	25	DNMT3A	9606.ENSP00000264709	DNA (cytosine-5)-methyltransferase 3A; Required for genome-wide de novo methylation and is essential for the establishment of DNA methylation patterns during development. DNA methylation is coordinated with methylation of histones. It modifies DNA in a non-processive manner and also methylates non-CpG sites. May preferentially methylate DNA linker between 2 nucleosomal cores and is inhibited by histone H1. Plays a role in paternal and maternal imprinting. Required for methylation of most imprinted loci in germ cells. Acts as a transcriptional corepressor for ZBTB18. Recruited to trimet [...] 
MCL	2	Salmon	25	EP300	9606.ENSP00000263253	Histone acetyltransferase p300; Functions as histone acetyltransferase and regulates transcription via chromatin remodeling. Acetylates all four core histones in nucleosomes. Histone acetylation gives an epigenetic tag for transcriptional activation. Mediates cAMP-gene regulation by binding specifically to phosphorylated CREB protein. Mediates acetylation of histone H3 at 'Lys-122' (H3K122ac), a modification that localizes at the surface of the histone octamer and stimulates transcription, possibly by promoting nucleosome instability. Mediates acetylation of histone H3 at 'Lys-27' (H3K [...] 
MCL	2	Salmon	25	HDLBP	9606.ENSP00000375836	High density lipoprotein binding protein; Vigilin; Appears to play a role in cell sterol metabolism. It may function to protect cells from over-accumulation of cholesterol
MCL	2	Salmon	25	KMT2A	9606.ENSP00000436786	[histone h3]-lysine4 n-trimethyltransferase mll1; Histone-lysine N-methyltransferase 2A; Histone methyltransferase that plays an essential role in early development and hematopoiesis. Catalytic subunit of the MLL1/MLL complex, a multiprotein complex that mediates both methylation of 'Lys-4' of histone H3 (H3K4me) complex and acetylation of 'Lys-16' of histone H4 (H4K16ac). In the MLL1/MLL complex, it specifically mediates H3K4me, a specific tag for epigenetic transcriptional activation. Has weak methyltransferase activity by itself, and requires other component of the MLL1/MLL complex  [...] 
MCL	2	Salmon	25	KMT2C	9606.ENSP00000262189	[histone h3]-lysine4 n-trimethyltransferase mll3; Histone-lysine N-methyltransferase 2C; Histone methyltransferase. Methylates 'Lys-4' of histone H3. H3 'Lys-4' methylation represents a specific tag for epigenetic transcriptional activation. Central component of the MLL2/3 complex, a coactivator complex of nuclear receptors, involved in transcriptional coactivation. KMT2C/MLL3 may be a catalytic subunit of this complex. May be involved in leukemogenesis and developmental disorder; Lysine methyltransferases
MCL	2	Salmon	25	LDB1	9606.ENSP00000392466	LIM domain-binding protein 1; Binds to the LIM domain of a wide variety of LIM domain- containing transcription factors. May regulate the transcriptional activity of LIM-containing proteins by determining specific partner interactions. Plays a role in the development of interneurons and motor neurons in cooperation with LHX3 and ISL1. Acts synergistically with LHX1/LIM1 in axis formation and activation of gene expression. Acts with LMO2 in the regulation of red blood cell development, maintaining erythroid precursors in an immature state (By similarity)
MCL	2	Salmon	25	LDB2	9606.ENSP00000306772	LIM domain-binding protein 2; Binds to the LIM domain of a wide variety of LIM domain- containing transcription factors; Belongs to the LDB family
MCL	2	Salmon	25	MED13	9606.ENSP00000380888	Mediator of RNA polymerase II transcription subunit 13; Component of the Mediator complex, a coactivator involved in the regulated transcription of nearly all RNA polymerase II-dependent genes. Mediator functions as a bridge to convey information from gene-specific regulatory proteins to the basal RNA polymerase II transcription machinery. Mediator is recruited to promoters by direct interactions with regulatory proteins and serves as a scaffold for the assembly of a functional preinitiation complex with RNA polymerase II and the general transcription factors
MCL	2	Salmon	25	MED13L	9606.ENSP00000281928	Mediator of RNA polymerase II transcription subunit 13-like; Component of the Mediator complex, a coactivator involved in the regulated transcription of nearly all RNA polymerase II-dependent genes. Mediator functions as a bridge to convey information from gene-specific regulatory proteins to the basal RNA polymerase II transcription machinery. Mediator is recruited to promoters by direct interactions with regulatory proteins and serves as a scaffold for the assembly of a functional preinitiation complex with RNA polymerase II and the general transcription factors. This subunit may spe [...] 
MCL	2	Salmon	25	PAX5	9606.ENSP00000350844	Paired box protein Pax-5; May play an important role in B-cell differentiation as well as neural development and spermatogenesis. Involved in the regulation of the CD19 gene, a B-lymphoid-specific target gene; PRD class homeoboxes and pseudogenes
MCL	2	Salmon	25	SATB1	9606.ENSP00000399518	DNA-binding protein SATB1; Crucial silencing factor contributing to the initiation of X inactivation mediated by Xist RNA that occurs during embryogenesis and in lymphoma (By similarity). Binds to DNA at special AT-rich sequences, the consensus SATB1-binding sequence (CSBS), at nuclear matrix- or scaffold-associated regions. Thought to recognize the sugar-phosphate structure of double-stranded DNA. Transcriptional repressor controlling nuclear and viral gene expression in a phosphorylated and acetylated status-dependent manner, by binding to matrix attachment regions (MARs) of DNA and  [...] 
MCL	2	Salmon	25	SETBP1	9606.ENSP00000282030	SET binding protein 1
MCL	2	Salmon	25	SMARCA2	9606.ENSP00000265773	Swi/snf related, matrix associated, actin dependent regulator of chromatin, subfamily a, member 2; Probable global transcription activator SNF2L2; Involved in transcriptional activation and repression of select genes by chromatin remodeling (alteration of DNA-nucleosome topology). Component of SWI/SNF chromatin remodeling complexes that carry out key enzymatic activities, changing chromatin structure by altering DNA-histone contacts within a nucleosome in an ATP-dependent manner. Binds DNA non-specifically. Belongs to the neural progenitors-specific chromatin remodeling complex (npBAF  [...] 
MCL	2	Salmon	25	SMARCA4	9606.ENSP00000395654	Swi/snf related, matrix associated, actin dependent regulator of chromatin, subfamily a, member 4; Transcription activator BRG1; Involved in transcriptional activation and repression of select genes by chromatin remodeling (alteration of DNA-nucleosome topology). Component of SWI/SNF chromatin remodeling complexes that carry out key enzymatic activities, changing chromatin structure by altering DNA-histone contacts within a nucleosome in an ATP-dependent manner. Component of the CREST-BRG1 complex, a multiprotein complex that regulates promoter activation by orchestrating a calcium-dep [...] 
MCL	2	Salmon	25	SMARCC2	9606.ENSP00000267064	Swi/snf related, matrix associated, actin dependent regulator of chromatin subfamily c member 2; SWI/SNF complex subunit SMARCC2; Involved in transcriptional activation and repression of select genes by chromatin remodeling (alteration of DNA-nucleosome topology). Component of SWI/SNF chromatin remodeling complexes that carry out key enzymatic activities, changing chromatin structure by altering DNA-histone contacts within a nucleosome in an ATP-dependent manner. Can stimulate the ATPase activity of the catalytic subunit of these complexes. May be required for CoREST dependent repressi [...] 
MCL	2	Salmon	25	SRCAP	9606.ENSP00000262518	Helicase SRCAP; Catalytic component of the SRCAP complex which mediates the ATP-dependent exchange of histone H2AZ/H2B dimers for nucleosomal H2A/H2B, leading to transcriptional regulation of selected genes by chromatin remodeling. Acts as a coactivator for CREB-mediated transcription, steroid receptor-mediated transcription, and Notch-mediated transcription; Belongs to the SNF2/RAD54 helicase family. SWR1 subfamily
MCL	3	Fire Brick	15	ASH1L	9606.ENSP00000376204	[histone h3]-lysine4 n-trimethyltransferase ash1l; Histone-lysine N-methyltransferase ASH1L; Histone methyltransferase specifically methylating 'Lys- 36' of histone H3 (H3K36me); Bromodomain containing
MCL	3	Fire Brick	15	CHD2	9606.ENSP00000377747	Chromodomain-helicase-DNA-binding protein 2; DNA-binding helicase that specifically binds to the promoter of target genes, leading to chromatin remodeling, possibly by promoting deposition of histone H3.3. Involved in myogenesis via interaction with MYOD1: binds to myogenic gene regulatory sequences and mediates incorporation of histone H3.3 prior to the onset of myogenic gene expression, promoting their expression (By similarity)
MCL	3	Fire Brick	15	CIC	9606.ENSP00000458663	Protein capicua homolog; Transcriptional repressor which plays a role in development of the central nervous system (CNS). In concert with ATXN1 and ATXN1L, involved in brain development
MCL	3	Fire Brick	15	EHMT1	9606.ENSP00000417980	[histone h3]-lysine9 n-trimethyltransferase ehmt; Histone-lysine N-methyltransferase EHMT1; Histone methyltransferase that specifically mono- and dimethylates 'Lys-9' of histone H3 (H3K9me1 and H3K9me2, respectively) in euchromatin. H3K9me represents a specific tag for epigenetic transcriptional repression by recruiting HP1 proteins to methylated histones. Also weakly methylates 'Lys-27' of histone H3 (H3K27me). Also required for DNA methylation, the histone methyltransferase activity is not required for DNA methylation, suggesting that these 2 activities function independently. Probab [...] 
MCL	3	Fire Brick	15	KDM3B	9606.ENSP00000326563	Lysine-specific demethylase 3B; Histone demethylase that specifically demethylates 'Lys- 9' of histone H3, thereby playing a central role in histone code. Demethylation of Lys residue generates formaldehyde and succinate. May have tumor suppressor activity; Lysine demethylases
MCL	3	Fire Brick	15	KDM5B	9606.ENSP00000356234	Lysine-specific demethylase 5B; Histone demethylase that demethylates 'Lys-4' of histone H3, thereby playing a central role in histone code. Does not demethylate histone H3 'Lys-9' or H3 'Lys-27'. Demethylates trimethylated, dimethylated and monomethylated H3 'Lys-4'. Acts as a transcriptional corepressor for FOXG1B and PAX9. Favors the proliferation of breast cancer cells by repressing tumor suppressor genes such as BRCA1 and HOXA5. In contrast, may act as a tumor suppressor for melanoma. Represses the CLOCK-ARNTL/BMAL1 heterodimer-mediated transcriptional activation of the core clock [...] 
MCL	3	Fire Brick	15	KDM6B	9606.ENSP00000254846	Lysine-specific demethylase 6B; Histone demethylase that specifically demethylates 'Lys- 27' of histone H3, thereby playing a central role in histone code. Demethylates trimethylated and dimethylated H3 'Lys-27'. Plays a central role in regulation of posterior development, by regulating HOX gene expression. Involved in inflammatory response by participating in macrophage differentiation in case of inflammation by regulating gene expression and macrophage differentiation. Plays a demethylase-independent role in chromatin remodeling to regulate T-box family member-dependent gene expressi [...] 
MCL	3	Fire Brick	15	KMT2E	9606.ENSP00000312379	[histone h3]-lysine4 n-trimethyltransferase mll5; Histone-lysine N-methyltransferase 2E; Histone methyltransferase that specifically mono- and dimethylates 'Lys-4' of histone H3 (H3K4me1 and H3K4me2). H3 'Lys- 4' methylation represents a specific tag for epigenetic transcriptional activation. Key regulator of hematopoiesis involved in terminal myeloid differentiation and in the regulation of hematopoietic stem cell (HSCs) self-renewal by a mechanism that involves DNA methylation. Plays an essential role in retinoic- acid-induced granulopoiesis by acting as a coactivator of RAR- alpha ( [...] 
MCL	3	Fire Brick	15	NSD1	9606.ENSP00000395929	Histone-lysine N-methyltransferase, H3 lysine-36 and H4 lysine-20 specific; Histone methyltransferase. Preferentially methylates 'Lys-36' of histone H3 and 'Lys-20' of histone H4 (in vitro). Transcriptional intermediary factor capable of both negatively or positively influencing transcription, depending on the cellular context; Lysine methyltransferases
MCL	3	Fire Brick	15	PHF1	9606.ENSP00000363640	PHD finger protein 1; Polycomb group (PcG) that specifically binds histone H3 trimethylated at 'Lys-36' (H3K36me3) and recruits the PRC2 complex. Involved in DNA damage response and is recruited at double-strand breaks (DSBs). Acts by binding to H3K36me3, a mark for transcriptional activation, and recruiting the PRC2 complex: it is however unclear whether recruitment of the PRC2 complex to H3K36me3 leads to enhance or inhibit H3K27me3 methylation mediated by the PRC2 complex. According to some reports, PRC2 recruitment by PHF1 promotes H3K27me3 and subsequent gene silencing by inducing [...] 
MCL	3	Fire Brick	15	PHF2	9606.ENSP00000352185	Lysine-specific demethylase PHF2; Lysine demethylase that demethylates both histones and non-histone proteins. Enzymatically inactive by itself, and becomes active following phosphorylation by PKA: forms a complex with ARID5B and mediates demethylation of methylated ARID5B. Demethylation of ARID5B leads to target the PHF2-ARID5B complex to target promoters, where PHF2 mediates demethylation of dimethylated 'Lys-9' of histone H3 (H3K9me2), followed by transcription activation of target genes. The PHF2-ARID5B complex acts as a coactivator of HNF4A in liver. PHF2 is recruited to trimethyl [...] 
MCL	3	Fire Brick	15	SETD2	9606.ENSP00000386759	Histone-lysine N-methyltransferase SETD2; Histone methyltransferase that specifically trimethylates 'Lys-36' of histone H3 (H3K36me3) using dimethylated 'Lys-36' (H3K36me2) as substrate. Represents the main enzyme generating H3K36me3, a specific tag for epigenetic transcriptional activation (By similarity). Plays a role in chromatin structure modulation during elongation by coordinating recruitment of the FACT complex and by interacting with hyperphosphorylated POLR2A. Acts as a key regulator of DNA mismatch repair in G1 and early S phase by generating H3K36me3, a mark required to recr [...] 
MCL	3	Fire Brick	15	SETD5	9606.ENSP00000385852	SET domain-containing protein 5; Probable transcriptional regulator that acts via the formation of large multiprotein complexes that modify and/or remodel the chromatin. Acts as a regulator of histone acetylation during gene transcription; SET domain containing
MCL	3	Fire Brick	15	SON	9606.ENSP00000348984	Protein SON; RNA-binding protein that acts as a mRNA splicing cofactor by promoting efficient splicing of transcripts that possess weak splice sites. Specifically promotes splicing of many cell-cycle and DNA-repair transcripts that possess weak splice sites, such as TUBG1, KATNB1, TUBGCP2, AURKB, PCNT, AKT1, RAD23A, and FANCG. Probably acts by facilitating the interaction between Serine/arginine-rich proteins such as SRSF2 and the RNA polymerase II. Also binds to DNA; binds to the consensus DNA sequence: 5'- GA[GT]AN[CG][AG]CC-3'. May indirectly repress hepatitis B virus (HBV) core pro [...] 
MCL	3	Fire Brick	15	SUV420H1	9606.ENSP00000305899	[histone h4]-n-methyl-l-lysine20 n-methyltransferase; Histone-lysine N-methyltransferase KMT5B; Histone methyltransferase that specifically trimethylates 'Lys-20' of histone H4. H4 'Lys-20' trimethylation represents a specific tag for epigenetic transcriptional repression. Mainly functions in pericentric heterochromatin regions, thereby playing a central role in the establishment of constitutive heterochromatin in these regions. KMT5B is targeted to histone H3 via its interaction with RB1 family proteins (RB1, RBL1 and RBL2) (By similarity). Plays a role in myogenesis by regulating the [...] 
MCL	4	Brown	10	BRAF	9606.ENSP00000288602	B-raf proto-oncogene serine/threonine-protein kinase; Serine/threonine-protein kinase B-raf; Protein kinase involved in the transduction of mitogenic signals from the cell membrane to the nucleus. May play a role in the postsynaptic responses of hippocampal neuron. Phosphorylates MAP2K1, and thereby contributes to the MAP kinase signal transduction pathway
MCL	4	Brown	10	GNAI1	9606.ENSP00000343027	Guanine nucleotide-binding protein G(i) subunit alpha-1; Guanine nucleotide-binding proteins (G proteins) function as transducers downstream of G protein-coupled receptors (GPCRs) in numerous signaling cascades. The alpha chain contains the guanine nucleotide binding site and alternates between an active, GTP-bound state and an inactive, GDP-bound state. Signaling by an activated GPCR promotes GDP release and GTP binding. The alpha subunit has a low GTPase activity that converts bound GTP to GDP, thereby terminating the signal. Both GDP release and GTP hydrolysis are modulated by numer [...] 
MCL	4	Brown	10	HRAS	9606.ENSP00000407586	GTPase HRas; Involved in the activation of Ras protein signal transduction. Ras proteins bind GDP/GTP and possess intrinsic GTPase activity; Belongs to the small GTPase superfamily. Ras family
MCL	4	Brown	10	LZTR1	9606.ENSP00000215739	Leucine-zipper-like transcriptional regulator 1; Probable transcriptional regulator that may play a crucial role in embryogenesis; BTB domain containing
MCL	4	Brown	10	PPP2R5D	9606.ENSP00000417963	Serine/threonine-protein phosphatase 2A 56 kDa regulatory subunit delta isoform; The B regulatory subunit might modulate substrate selectivity and catalytic activity, and also might direct the localization of the catalytic enzyme to a particular subcellular compartment; Belongs to the phosphatase 2A regulatory subunit B56 family
MCL	4	Brown	10	PPP5C	9606.ENSP00000012443	Serine/threonine-protein phosphatase 5; Serine/threonine-protein phosphatase that dephosphorylates a myriad of proteins involved in different signaling pathways including the kinases CSNK1E, ASK1/MAP3K5, PRKDC and RAF1, the nuclear receptors NR3C1, PPARG, ESR1 and ESR2, SMAD proteins and TAU/MAPT. Implicated in wide ranging cellular processes, including apoptosis, differentiation, DNA damage response, cell survival, regulation of ion channels or circadian rhythms, in response to steroid and thyroid hormones, calcium, fatty acids, TGF-beta as well as oxidative and genotoxic stresses. Pa [...] 
MCL	4	Brown	10	PTPN11	9606.ENSP00000340944	Tyrosine-protein phosphatase non-receptor type 11; Acts downstream of various receptor and cytoplasmic protein tyrosine kinases to participate in the signal transduction from the cell surface to the nucleus. Positively regulates MAPK signal transduction pathway. Dephosphorylates GAB1, ARHGAP35 and EGFR. Dephosphorylates ROCK2 at 'Tyr-722' resulting in stimulatation of its RhoA binding activity. Dephosphorylates CDC73; Protein tyrosine phosphatases, non-receptor type
MCL	4	Brown	10	TAOK1	9606.ENSP00000261716	Serine/threonine-protein kinase TAO1; Serine/threonine-protein kinase involved in various processes such as p38/MAPK14 stress-activated MAPK cascade, DNA damage response and regulation of cytoskeleton stability. Phosphorylates MAP2K3, MAP2K6 and MARK2. Acts as an activator of the p38/MAPK14 stress-activated MAPK cascade by mediating phosphorylation and subsequent activation of the upstream MAP2K3 and MAP2K6 kinases. Involved in G-protein coupled receptor signaling to p38/MAPK14. In response to DNA damage, involved in the G2/M transition DNA damage checkpoint by activating the p38/MAPK1 [...] 
MCL	4	Brown	10	TEK	9606.ENSP00000369375	Angiopoietin-1 receptor; Tyrosine-protein kinase that acts as cell-surface receptor for ANGPT1, ANGPT2 and ANGPT4 and regulates angiogenesis, endothelial cell survival, proliferation, migration, adhesion and cell spreading, reorganization of the actin cytoskeleton, but also maintenance of vascular quiescence. Has anti-inflammatory effects by preventing the leakage of proinflammatory plasma proteins and leukocytes from blood vessels. Required for normal angiogenesis and heart development during embryogenesis. Required for post- natal hematopoiesis. After birth, activates or inhibits ang [...] 
MCL	4	Brown	10	TSC1	9606.ENSP00000298552	Hamartin; In complex with TSC2, inhibits the nutrient-mediated or growth factor-stimulated phosphorylation of S6K1 and EIF4EBP1 by negatively regulating mTORC1 signaling. Seems not to be required for TSC2 GAP activity towards RHEB. Implicated as a tumor suppressor. Involved in microtubule-mediated protein transport, but this seems to be due to unregulated mTOR signaling; Armadillo-like helical domain containing
MCL	5	Saddle Brown	8	CTNNB1	9606.ENSP00000344456	Catenin beta-1; Key downstream component of the canonical Wnt signaling pathway. In the absence of Wnt, forms a complex with AXIN1, AXIN2, APC, CSNK1A1 and GSK3B that promotes phosphorylation on N-terminal Ser and Thr residues and ubiquitination of CTNNB1 via BTRC and its subsequent degradation by the proteasome. In the presence of Wnt ligand, CTNNB1 is not ubiquitinated and accumulates in the nucleus, where it acts as a coactivator for transcription factors of the TCF/LEF family, leading to activate Wnt responsive genes. Involved in the regulation of cell adhesion, as component of an  [...] 
MCL	5	Saddle Brown	8	MEF2C	9606.ENSP00000340874	Myocyte-specific enhancer factor 2C; Transcription activator which binds specifically to the MEF2 element present in the regulatory regions of many muscle- specific genes. Controls cardiac morphogenesis and myogenesis, and is also involved in vascular development. Plays an essential role in hippocampal-dependent learning and memory by suppressing the number of excitatory synapses and thus regulating basal and evoked synaptic transmission. Crucial for normal neuronal development, distribution, and electrical activity in the neocortex. Necessary for proper development of megakaryocytes a [...] 
MCL	5	Saddle Brown	8	MYT1L	9606.ENSP00000396103	Myelin transcription factor 1-like protein; Transcription factor that plays a key role in neuronal differentiation by specifically repressing expression of non- neuronal genes during neuron differentiation. In contrast to other transcription repressors that inhibit specific lineages, mediates repression of multiple differentiation programs. Also represses expression of negative regulators of neurogenesis, such as members of the Notch signaling pathway, including HES1. The combination of three transcription factors, ASCL1, POU3F2/BRN2 and MYT1L, is sufficient to reprogram fibroblasts an [...] 
MCL	5	Saddle Brown	8	NR4A2	9606.ENSP00000344479	Nuclear receptor subfamily 4 group A member 2; Transcriptional regulator which is important for the differentiation and maintenance of meso-diencephalic dopaminergic (mdDA) neurons during development. It is crucial for expression of a set of genes such as SLC6A3, SLC18A2, TH and DRD2 which are essential for development of mdDA neurons (By similarity); Belongs to the nuclear hormone receptor family. NR4 subfamily
MCL	5	Saddle Brown	8	POTEF	9606.ENSP00000350052	POTE ankyrin domain family member F; In the C-terminal section; belongs to the actin family
MCL	5	Saddle Brown	8	PTK7	9606.ENSP00000418754	Inactive tyrosine-protein kinase 7; Inactive tyrosine kinase involved in Wnt signaling pathway. Component of both the non-canonical (also known as the Wnt/planar cell polarity signaling) and the canonical Wnt signaling pathway. Functions in cell adhesion, cell migration, cell polarity, proliferation, actin cytoskeleton reorganization and apoptosis. Has a role in embryogenesis, epithelial tissue organization and angiogenesis; I-set domain containing
MCL	5	Saddle Brown	8	TCF7L2	9606.ENSP00000358404	Transcription factor 7-like 2; Participates in the Wnt signaling pathway and modulates MYC expression by binding to its promoter in a sequence-specific manner. Acts as repressor in the absence of CTNNB1, and as activator in its presence. Activates transcription from promoters with several copies of the Tcf motif 5'-CCTTTGATC-3' in the presence of CTNNB1. TLE1, TLE2, TLE3 and TLE4 repress transactivation mediated by TCF7L2/TCF4 and CTNNB1. Expression of dominant-negative mutants results in cell-cycle arrest in G1. Necessary for the maintenance of the epithelial stem-cell compartment of  [...] 
MCL	5	Saddle Brown	8	USP9X	9606.ENSP00000316357	Probable ubiquitin carboxyl-terminal hydrolase FAF-X; Deubiquitinase involved both in the processing of ubiquitin precursors and of ubiquitinated proteins. May therefore play an important regulatory role at the level of protein turnover by preventing degradation of proteins through the removal of conjugated ubiquitin. Essential component of TGF-beta/BMP signaling cascade. Regulates chromosome alignment and segregation in mitosis by regulating the localization of BIRC5/survivin to mitotic centromeres. Specifically hydrolyzes both 'Lys-29'- and 'Lys-33'-linked polyubiquitins chains. Spec [...] 
MCL	6	Sandy Brown	7	CDKL5	9606.ENSP00000369325	Cyclin-dependent kinase-like 5; Mediates phosphorylation of MECP2; Cilia and flagella associated
MCL	6	Sandy Brown	7	MBD5	9606.ENSP00000386049	Methyl-CpG-binding domain protein 5; Binds to heterochromatin. Does not interact with either methylated or unmethylated DNA (in vitro); Methyl-CpG binding domain containing
MCL	6	Sandy Brown	7	MECP2	9606.ENSP00000395535	Methyl-CpG-binding protein 2; Chromosomal protein that binds to methylated DNA. It can bind specifically to a single methyl-CpG pair. It is not influenced by sequences flanking the methyl-CpGs. Mediates transcriptional repression through interaction with histone deacetylase and the corepressor SIN3A. Binds both 5-methylcytosine (5mC) and 5-hydroxymethylcytosine (5hmC)-containing DNA, with a preference for 5-methylcytosine (5mC)
MCL	6	Sandy Brown	7	PCDH10	9606.ENSP00000264360	Protocadherin-10; Potential calcium-dependent cell-adhesion protein; Non-clustered protocadherins
MCL	6	Sandy Brown	7	PCDH19	9606.ENSP00000362125	Protocadherin-19; Potential calcium-dependent cell-adhesion protein; Non-clustered protocadherins
MCL	6	Sandy Brown	7	SLC9A6	9606.ENSP00000359729	Solute carrier family 9 (sodium/hydrogen exchanger), member 6/7; Sodium/hydrogen exchanger 6; Electroneutral exchange of protons for Na(+) and K(+) across the early and recycling endosome membranes. Contributes to calcium homeostasis; Solute carriers
MCL	6	Sandy Brown	7	SLC9A7	9606.ENSP00000480916	Solute carrier family 9 (sodium/hydrogen exchanger), member 6/7; Sodium/hydrogen exchanger 7; Mediates electroneutral exchange of protons for Na(+) and K(+) across endomembranes. May contribute to Golgi volume and cation homeostasis; Solute carriers
MCL	7	Dark Golden Rod 2	7	ANK2	9606.ENSP00000349588	Ankyrin-2; In skeletal muscle, required for proper localization of DMD and DCTN4 and for the formation and/or stability of a special subset of microtubules associated with costameres and neuromuscular junctions. Attaches integral membrane proteins to cytoskeletal elements. Also binds to cytoskeletal proteins. Required for coordinate assembly of Na/Ca exchanger, Na/K ATPase and InsP3 receptor at sarcoplasmic reticulum sites in cardiomyocytes. Required for the coordinated expression of the Na/K ATPase, Na/Ca exchanger and beta-2-spectrin (SPTBN1) in the inner segment of rod photoreceptor [...] 
MCL	7	Dark Golden Rod 2	7	ANK3	9606.ENSP00000280772	Ankyrin-3; In skeletal muscle, required for costamere localization of DMD and betaDAG1 (By similarity). Membrane-cytoskeleton linker. May participate in the maintenance/targeting of ion channels and cell adhesion molecules at the nodes of Ranvier and axonal initial segments. Regulates KCNA1 channel activity in function of dietary Mg(2+) levels, and thereby contributes to the regulation of renal Mg(2+) reabsorption; Ankyrin repeat domain containing
MCL	7	Dark Golden Rod 2	7	KCNB1	9606.ENSP00000360806	Potassium voltage-gated channel subfamily B member 1; Voltage-gated potassium channel that mediates transmembrane potassium transport in excitable membranes, primarily in the brain, but also in the pancreas and cardiovascular system. Contributes to the regulation of the action potential (AP) repolarization, duration and frequency of repetitive AP firing in neurons, muscle cells and endocrine cells and plays a role in homeostatic attenuation of electrical excitability throughout the brain. Plays also a role in the regulation of exocytosis independently of its electrical function (By sim [...] 
MCL	7	Dark Golden Rod 2	7	KCNQ3	9606.ENSP00000373648	Potassium voltage-gated channel subfamily KQT member 3; Associates with KCNQ2 or KCNQ5 to form a potassium channel with essentially identical properties to the channel underlying the native M-current, a slowly activating and deactivating potassium conductance which plays a critical role in determining the subthreshold electrical excitability of neurons as well as the responsiveness to synaptic inputs. Therefore, it is important in the regulation of neuronal excitability; Belongs to the potassium channel family. KQT (TC 1.A.1.15) subfamily. Kv7.3/KCNQ3 sub-subfamily
MCL	7	Dark Golden Rod 2	7	SCN1A	9606.ENSP00000303540	Sodium channel protein type 1 subunit alpha; Mediates the voltage-dependent sodium ion permeability of excitable membranes. Assuming opened or closed conformations in response to the voltage difference across the membrane, the protein forms a sodium-selective channel through which Na(+) ions may pass in accordance with their electrochemical gradient. Plays a key role in brain, probably by regulating the moment when neurotransmitters are released in neurons. Involved in sensory perception of mechanical pain: activation in somatosensory neurons induces pain without neurogenic inflammatio [...] 
MCL	7	Dark Golden Rod 2	7	SCN2A	9606.ENSP00000364586	Sodium channel protein type 2 subunit alpha; Mediates the voltage-dependent sodium ion permeability of excitable membranes. Assuming opened or closed conformations in response to the voltage difference across the membrane, the protein forms a sodium-selective channel through which Na(+) ions may pass in accordance with their electrochemical gradient; Belongs to the sodium channel (TC 1.A.1.10) family. Nav1.2/SCN2A subfamily
MCL	7	Dark Golden Rod 2	7	SCN8A	9606.ENSP00000346534	Sodium channel protein type 8 subunit alpha; Mediates the voltage-dependent sodium ion permeability of excitable membranes. Assuming opened or closed conformations in response to the voltage difference across the membrane, the protein forms a sodium-selective channel through which Na(+) ions may pass in accordance with their electrochemical gradient. In macrophages and melanoma cells, isoform 5 may participate in the control of podosome and invadopodia formation; Belongs to the sodium channel (TC 1.A.1.10) family. Nav1.6/SCN8A subfamily
MCL	8	Sandy Brown 2	6	ADNP	9606.ENSP00000379346	Activity-dependent neuroprotector homeobox protein; Potential transcription factor. May mediate some of the neuroprotective peptide VIP-associated effects involving normal growth and cancer proliferation; ZF class homeoboxes and pseudogenes
MCL	8	Sandy Brown 2	6	CHD8	9606.ENSP00000382863	Chromodomain-helicase-DNA-binding protein 8; DNA helicase that acts as a chromatin remodeling factor and regulates transcription. Acts as a transcription repressor by remodeling chromatin structure and recruiting histone H1 to target genes. Suppresses p53/TP53-mediated apoptosis by recruiting histone H1 and preventing p53/TP53 transactivation activity. Acts as a negative regulator of Wnt signaling pathway by regulating beta-catenin (CTNNB1) activity. Negatively regulates CTNNB1- targeted gene expression by being recruited specifically to the promoter regions of several CTNNB1 responsiv [...] 
MCL	8	Sandy Brown 2	6	KANSL1	9606.ENSP00000262419	KAT8 regulatory NSL complex subunit 1; As part of the NSL complex it is involved in acetylation of nucleosomal histone H4 on several lysine residues and therefore may be involved in the regulation of transcription
MCL	8	Sandy Brown 2	6	KATNAL2	9606.ENSP00000245121	Katanin p60 ATPase-containing subunit A-like 2; Severs microtubules in vitro in an ATP-dependent manner. This activity may promote rapid reorganization of cellular microtubule arrays; AAA ATPases
MCL	8	Sandy Brown 2	6	PHF21A	9606.ENSP00000398824	PHD finger protein 21A; Component of the BHC complex, a corepressor complex that represses transcription of neuron-specific genes in non-neuronal cells. The BHC complex is recruited at RE1/NRSE sites by REST and acts by deacetylating and demethylating specific sites on histones, thereby acting as a chromatin modifier. In the BHC complex, it may act as a scaffold. Inhibits KDM1A-mediated demethylation of 'Lys-4' of histone H3 in vitro, suggesting a role in demethylation regulation; PHD finger proteins
MCL	8	Sandy Brown 2	6	WDFY3	9606.ENSP00000295888	WD repeat and FYVE domain-containing protein 3; Required for selective macroautophagy (aggrephagy). Acts as an adapter protein by linking specific proteins destined for degradation to the core autophagic machinery members, such as the ATG5-ATG12-ATG16L E3-like ligase, SQSTM1 and LC3. Along with p62/SQSTM1, involved in the formation and autophagic degradation of cytoplasmic ubiquitin- containing inclusions (p62 bodies, ALIS/aggresome-like induced structures). Along with SQSTM1, required to recruit ubiquitinated proteins to PML bodies in the nucleus. Important for normal brain developmen [...] 
MCL	9	Dark Golden Rod	5	FOXG1	9606.ENSP00000339004	Forkhead box protein G1; Transcription repression factor which plays an important role in the establishment of the regional subdivision of the developing brain and in the development of the telencephalon; Forkhead boxes
MCL	9	Dark Golden Rod	5	FOXP1	9606.ENSP00000484803	Forkhead box protein P1; Transcriptional repressor. Can act with CTBP1 to synergistically repress transcription but CTPBP1 is not essential (By similarity). Plays an important role in the specification and differentiation of lung epithelium. Acts cooperatively with FOXP4 to regulate lung secretory epithelial cell fate and regeneration by restricting the goblet cell lineage program; the function may involve regulation of AGR2. Essential transcriptional regulator of B-cell development. Involved in regulation of cardiac muscle cell proliferation. Involved in the columnar organization of s [...] 
MCL	9	Dark Golden Rod	5	FOXP2	9606.ENSP00000386200	Forkhead box protein P2; Transcriptional repressor that may play a role in the specification and differentiation of lung epithelium. May also play a role in developing neural, gastrointestinal and cardiovascular tissues. Can act with CTBP1 to synergistically repress transcription but CTPBP1 is not essential. Plays a role in synapse formation by regulating SRPX2 levels. Involved in neural mechanisms mediating the development of speech and language; Forkhead boxes
MCL	9	Dark Golden Rod	5	RORB	9606.ENSP00000366093	Rar-related orphan receptor beta; Nuclear receptor ROR-beta; Nuclear receptor that binds DNA as a monomer to ROR response elements (RORE) containing a single core motif half-site 5'-AGGTCA-3' preceded by a short A-T-rich sequence. Considered to have intrinsic transcriptional activity, have some natural ligands such as all-trans retinoic acid (ATRA) and other retinoids which act as inverse agonists repressing the transcriptional activity. Required for normal postnatal development of rod and cone photoreceptor cells. Modulates rod photoreceptors differentiation at least by inducing the t [...] 
MCL	9	Dark Golden Rod	5	TBR1	9606.ENSP00000374205	T-box brain protein 1; Probable transcriptional regulator involved in developmental processes. Required for normal brain development; T-boxes
MCL	10	Yellow	5	DEAF1	9606.ENSP00000371846	Deformed epidermal autoregulatory factor 1 homolog; Transcription factor that binds to sequence with multiple copies of 5'-TTC[CG]G-3' present in its own promoter and that of the HNRPA2B1 gene. Down-regulates transcription of these genes. Binds to the retinoic acid response element (RARE) 5'- AGGGTTCACCGAAAGTTCA-3'. Activates the proenkephalin gene independently of promoter binding, probably through protein- protein interaction. When secreted, behaves as an inhibitor of cell proliferation, by arresting cells in the G0 or G1 phase. Required for neural tube closure and skeletal patternin [...] 
MCL	10	Yellow	5	MSL3	9606.ENSP00000312244	Male-specific lethal 3 homolog; May be involved in chromatin remodeling and transcriptional regulation. May have a role in X inactivation. Component of the MSL complex which is responsible for the majority of histone H4 acetylation at 'Lys-16' which is implicated in the formation of higher-order chromatin structure. Specifically recognizes histone H4 monomethylated at 'Lys-20' (H4K20Me1) in a DNA-dependent manner and is proposed to be involved in chromosomal targeting of the MSL complex
MCL	10	Yellow	5	PHF12	9606.ENSP00000329933	PHD finger protein 12; Acts as a transcriptional repressor. Involved in recruitment of functional SIN3A complexes to DNA. Represses transcription at least in part through the activity of an associated histone deacetylase (HDAC). May also repress transcription in a SIN3A-independent manner through recruitment of functional AES complexes to DNA
MCL	10	Yellow	5	SIN3A	9606.ENSP00000378402	SIN3 transcription regulator family member A; Paired amphipathic helix protein Sin3a; Acts as a transcriptional repressor. Corepressor for REST. Interacts with MXI1 to repress MYC responsive genes and antagonize MYC oncogenic activities. Also interacts with MXD1-MAX heterodimers to repress transcription by tethering SIN3A to DNA. Acts cooperatively with OGT to repress transcription in parallel with histone deacetylation. Involved in he control of the circadian rhythms. Required for the transcriptional repression of circadian target genes, such as PER1, mediated by the large PER complex [...] 
MCL	10	Yellow	5	SKI	9606.ENSP00000367797	Ski oncogene; May play a role in terminal differentiation of skeletal muscle cells but not in the determination of cells to the myogenic lineage. Functions as a repressor of TGF-beta signaling; Belongs to the SKI family
MCL	11	Green	5	CNOT3	9606.ENSP00000351159	CCR4-NOT transcription complex subunit 3; Component of the CCR4-NOT complex which is one of the major cellular mRNA deadenylases and is linked to various cellular processes including bulk mRNA degradation, miRNA-mediated repression, translational repression during translational initiation and general transcription regulation. Additional complex functions may be a consequence of its influence on mRNA expression. May be involved in metabolic regulation; may be involved in recruitment of the CCR4-NOT complex to deadenylation target mRNAs involved in energy metabolism. Involved in mitotic  [...] 
MCL	11	Green	5	GIGYF1	9606.ENSP00000275732	GRB10-interacting GYF protein 1; May act cooperatively with GRB10 to regulate tyrosine kinase receptor signaling. May increase IGF1 receptor phosphorylation under IGF1 stimulation as well as phosphorylation of IRS1 and SHC1 (By similarity); Belongs to the GIGYF family
MCL	11	Green	5	MBOAT7	9606.ENSP00000245615	Membrane bound o-acyltransferase domain containing 7; Lysophospholipid acyltransferase 7; Acyltransferase which contributes to the regulation of free arachidonic acid (AA) in the cell through the remodeling of phospholipids. Mediates the conversion of lysophosphatidylinositol (1-acylglycerophosphatidylinositol or LPI) into phosphatidylinositol (1,2-diacyl-sn-glycero-3-phosphoinositol or PI) (LPIAT activity). Prefers arachidonoyl-CoA as the acyl donor. Lysophospholipid acyltransferases (LPLATs) catalyze the reacylation step of the phospholipid remodeling pathway also known as the Lands  [...] 
MCL	11	Green	5	MEIS2	9606.ENSP00000453793	Homeobox protein Meis2; Involved in transcriptional regulation. Binds to HOX or PBX proteins to form dimers, or to a DNA-bound dimer of PBX and HOX proteins and thought to have a role in stabilization of the homeoprotein-DNA complex. Isoform 3 is required for the activity of a PDX1:PBX1b:MEIS2b complex in pancreatic acinar cells involved in the transcriptional activation of the ELA1 enhancer; the complex binds to the enhancer B element and cooperates with the transcription factor 1 complex (PTF1) bound to the enhancer A element; MEIS2 is not involved in complex DNA-binding. Probably in [...] 
MCL	11	Green	5	NACC1	9606.ENSP00000292431	Nucleus accumbens-associated protein 1; Functions as a transcriptional repressor. Seems to function as a transcriptional corepressor in neuronal cells through recruitment of HDAC3 and HDAC4. Contributes to tumor progression, and tumor cell proliferation and survival. This may be mediated at least in part through repressing transcriptional activity of GADD45GIP1. Required for recruiting the proteasome from the nucleus to the cytoplasm and dendritic spines; BEN domain containing
MCL	12	Light Green	4	CAPRIN1	9606.ENSP00000340329	Caprin-1; May regulate the transport and translation of mRNAs of proteins involved in synaptic plasticity in neurons and cell proliferation and migration in multiple cell types. Binds directly and selectively to MYC and CCND2 RNAs. In neuronal cells, directly binds to several mRNAs associated with RNA granules, including BDNF, CAMK2A, CREB1, MAP2, NTRK2 mRNAs, as well as to GRIN1 and KPNB1 mRNAs, but not to rRNAs
MCL	12	Light Green	4	CSDE1	9606.ENSP00000481762	Cold shock domain-containing protein E1; RNA-binding protein. Required for internal initiation of translation of human rhinovirus RNA. May be involved in translationally coupled mRNA turnover. Implicated with other RNA- binding proteins in the cytoplasmic deadenylation/translational and decay interplay of the FOS mRNA mediated by the major coding- region determinant of instability (mCRD) domain
MCL	12	Light Green	4	DDX3X	9606.ENSP00000382840	ATP-dependent RNA helicase DDX3X; Multifunctional ATP-dependent RNA helicase. The ATPase activity can be stimulated by various ribo- and deoxynucleic acids indicative for a relaxed substrate specificity. In vitro can unwind partially double-stranded DNA with a preference for 5'- single-stranded DNA overhangs. Is involved in several steps of gene expression, such as transcription, mRNA maturation, mRNA export and translation. However, the exact mechanisms are not known and some functions may be specific for a subset of mRNAs. Involved in transcriptional regulation. Can enhance transcrip [...] 
MCL	12	Light Green	4	EIF3G	9606.ENSP00000253108	Eukaryotic translation initiation factor 3 subunit G; RNA-binding component of the eukaryotic translation initiation factor 3 (eIF-3) complex, which is required for several steps in the initiation of protein synthesis. The eIF-3 complex associates with the 40S ribosome and facilitates the recruitment of eIF-1, eIF-1A, eIF-2:GTP:methionyl-tRNAi and eIF-5 to form the 43S pre- initiation complex (43S PIC). The eIF-3 complex stimulates mRNA recruitment to the 43S PIC and scanning of the mRNA for AUG recognition. The eIF-3 complex is also required for disassembly and recycling of post-termi [...] 
MCL	13	Medium Aqua Marine	4	CACNA1A	9606.ENSP00000353362	Voltage-dependent P/Q-type calcium channel subunit alpha-1A; Voltage-sensitive calcium channels (VSCC) mediate the entry of calcium ions into excitable cells and are also involved in a variety of calcium-dependent processes, including muscle contraction, hormone or neurotransmitter release, gene expression, cell motility, cell division and cell death. The isoform alpha-1A gives rise to P and/or Q-type calcium currents. P/Q-type calcium channels belong to the 'high-voltage activated' (HVA) group and are blocked by the funnel toxin (Ftx) and by the omega-agatoxin- IVA (omega-Aga-IVA). Th [...] 
MCL	13	Medium Aqua Marine	4	CACNA1C	9606.ENSP00000266376	Voltage-dependent L-type calcium channel subunit alpha-1C; Voltage-sensitive calcium channels (VSCC) mediate the entry of calcium ions into excitable cells and are also involved in a variety of calcium-dependent processes, including muscle contraction, hormone or neurotransmitter release, gene expression, cell motility, cell division and cell death. The isoform alpha-1C gives rise to L-type calcium currents. Long-lasting (L-type) calcium channels belong to the 'high-voltage activated' (HVA) group. They are blocked by dihydropyridines (DHP), phenylalkylamines, benzothiazepines, and by o [...] 
MCL	13	Medium Aqua Marine	4	CACNA1E	9606.ENSP00000356545	Voltage-dependent R-type calcium channel subunit alpha-1E; Voltage-sensitive calcium channels (VSCC) mediate the entry of calcium ions into excitable cells and are also involved in a variety of calcium-dependent processes, including muscle contraction, hormone or neurotransmitter release, gene expression, cell motility, cell division and cell death. The isoform alpha-1E gives rise to R-type calcium currents. R-type calcium channels belong to the 'high-voltage activated' (HVA) group and are blocked by nickel, and partially by omega-agatoxin-IIIA (omega-Aga-IIIA). They are however insens [...] 
MCL	13	Medium Aqua Marine	4	CACNA2D3	9606.ENSP00000419101	Voltage-dependent calcium channel subunit alpha-2/delta-3; The alpha-2/delta subunit of voltage-dependent calcium channels regulates calcium current density and activation/inactivation kinetics of the calcium channel. Acts as a regulatory subunit for P/Q-type calcium channel (CACNA1A), N-type (CACNA1B), L-type (CACNA1C OR CACNA1D) but not T-type (CACNA1G) (By similarity); Calcium voltage-gated channel auxiliary alpha2delta subunits
MCL	14	Aquamarine 4	3	ACTB	9606.ENSP00000349960	Actin, cytoplasmic 1; Actins are highly conserved proteins that are involved in various types of cell motility and are ubiquitously expressed in all eukaryotic cells
MCL	14	Aquamarine 4	3	CORO1A	9606.ENSP00000219150	Coronin-1A; May be a crucial component of the cytoskeleton of highly motile cells, functioning both in the invagination of large pieces of plasma membrane, as well as in forming protrusions of the plasma membrane involved in cell locomotion. In mycobacteria- infected cells, its retention on the phagosomal membrane prevents fusion between phagosomes and lysosomes; Belongs to the WD repeat coronin family
MCL	14	Aquamarine 4	3	TRAF7	9606.ENSP00000318944	E3 ubiquitin-protein ligase TRAF7; E3 ubiquitin ligase capable of auto-ubiquitination, following phosphorylation by MAP3K3. Potentiates MEKK3-mediated activation of the NF-kappa-B, JUN/AP1 and DDIT3 transcriptional regulators. Induces apoptosis when overexpressed; Belongs to the WD repeat TRAF7 family
MCL	15	Aquamarine 2	3	AFF2	9606.ENSP00000359489	AF4/FMR2 family member 2; RNA-binding protein. Might be involved in alternative splicing regulation through an interaction with G-quartet RNA structure; AF4/FMR2 family
MCL	15	Aquamarine 2	3	DMPK	9606.ENSP00000345997	Dystrophia myotonica-protein kinase; Myotonin-protein kinase; Non-receptor serine/threonine protein kinase which is necessary for the maintenance of skeletal muscle structure and function. May play a role in myocyte differentiation and survival by regulating the integrity of the nuclear envelope and the expression of muscle-specific genes. May also phosphorylate PPP1R12A and inhibit the myosin phosphatase activity to regulate myosin phosphorylation. Also critical to the modulation of cardiac contractility and to the maintenance of proper cardiac conduction activity probably through the [...] 
MCL	15	Aquamarine 2	3	FMR1	9606.ENSP00000359506	Synaptic functional regulator FMR1; Multifunctional polyribosome-associated RNA-binding protein that plays a central role in neuronal development and synaptic plasticity through the regulation of alternative mRNA splicing, mRNA stability, mRNA dendritic transport and postsynaptic local protein synthesis of a subset of mRNAs. Plays a role in the alternative splicing of its own mRNA. Plays a role in mRNA nuclear export (By similarity). Together with export factor NXF2, is involved in the regulation of the NXF1 mRNA stability in neurons (By similarity). Stabilizes the scaffolding postsyna [...] 
MCL	16	Cyan	3	BCKDK	9606.ENSP00000378405	[3-methyl-2-oxobutanoate dehydrogenase [lipoamide]] kinase, mitochondrial; Catalyzes the phosphorylation and inactivation of the branched-chain alpha-ketoacid dehydrogenase complex, the key regulatory enzyme of the valine, leucine and isoleucine catabolic pathways. Key enzyme that regulate the activity state of the BCKD complex
MCL	16	Cyan	3	MAGEL2	9606.ENSP00000433433	MAGE-like protein 2; Probably enhances ubiquitin ligase activity of RING-type zinc finger-containing E3 ubiquitin-protein ligases, possibly through recruitment and/or stabilization of the Ubl-conjugating enzyme (E2) at the E3:substrate complex. Acts as a regulator of retrograde transport via its interaction with VPS35. Recruited to retromer-containing endosomes and promotes the formation of 'Lys- 63'-linked polyubiquitin chains at 'Lys-220' of WASHC1 together with TRIM27, leading to promote endosomal F-actin assembly. Regulates the circadian clock by repressing the transcriptional acti [...] 
MCL	16	Cyan	3	UBE3A	9606.ENSP00000232165	Ubiquitin-protein ligase E3A; E3 ubiquitin-protein ligase which accepts ubiquitin from an E2 ubiquitin-conjugating enzyme in the form of a thioester and transfers it to its substrates. Several substrates have been identified including the RAD23A and RAD23B, MCM7 (which is involved in DNA replication), annexin A1, the PML tumor suppressor, and the cell cycle regulator CDKN1B. Catalyzes the high-risk human papilloma virus E6-mediated ubiquitination of p53/TP53, contributing to the neoplastic progression of cells infected by these viruses. Additionally, may function as a cellular quality  [...] 
MCL	17	Aquamarine	3	NUP155	9606.ENSP00000231498	Nuclear pore complex protein Nup155; Essential component of nuclear pore complex. Could be essessential for embryogenesis. Nucleoporins may be involved both in binding and translocating proteins during nucleocytoplasmic transport
MCL	17	Aquamarine	3	UBA2	9606.ENSP00000246548	SUMO-activating enzyme subunit 2; The heterodimer acts as an E1 ligase for SUMO1, SUMO2, SUMO3, and probably SUMO4. It mediates ATP-dependent activation of SUMO proteins followed by formation of a thioester bond between a SUMO protein and a conserved active site cysteine residue on UBA2/SAE2; Ubiquitin like modifier activating enzymes
MCL	17	Aquamarine	3	UPF3B	9606.ENSP00000276201	Regulator of nonsense transcripts 3B; Involved in nonsense-mediated decay (NMD) of mRNAs containing premature stop codons by associating with the nuclear exon junction complex (EJC) and serving as link between the EJC core and NMD machinery. Recruits UPF2 at the cytoplasmic side of the nuclear envelope and the subsequent formation of an UPF1-UPF2- UPF3 surveillance complex (including UPF1 bound to release factors at the stalled ribosome) is believed to activate NMD. In cooperation with UPF2 stimulates both ATPase and RNA helicase activities of UPF1. Binds spliced mRNA upstream of exon- [...] 
MCL	18	Aquamarine 3	3	NIPBL	9606.ENSP00000282516	Cohesin loading factor subunit scc2; Nipped-B-like protein; Along with ZNF609, promotes cortical neuron migration during brain development by regulating the transcription of crucial genes in this process. Preferentially binds promoters containing paused RNA polymerase II. Up-regulates the expression of SEMA3A, NRP1, PLXND1 and GABBR2 genes, among others; Armadillo-like helical domain containing
MCL	18	Aquamarine 3	3	PHF3	9606.ENSP00000262043	PHD finger protein 3
MCL	18	Aquamarine 3	3	WAC	9606.ENSP00000346986	WW domain-containing adapter protein with coiled-coil; Acts as a linker between gene transcription and histone H2B monoubiquitination at 'Lys-120' (H2BK120ub1). Interacts with the RNA polymerase II transcriptional machinery via its WW domain and with RNF20-RNF40 via its coiled coil region, thereby linking and regulating H2BK120ub1 and gene transcription. Regulates the cell-cycle checkpoint activation in response to DNA damage. Positive regulator of amino acid starvation- induced autophagy. Also acts as a negative regulator of basal autophagy. Positively regulates MTOR activity by promo [...] 
MCL	19	Sky Blue 4	3	PHIP	9606.ENSP00000275034	PH-interacting protein; Probable regulator of the insulin and insulin-like growth factor signaling pathways. Stimulates cell proliferation through regulation of cyclin transcription and has an anti- apoptotic activity through AKT1 phosphorylation and activation. Plays a role in the regulation of cell morphology and cytoskeletal organization; Bromodomain containing
MCL	19	Sky Blue 4	3	TRIP12	9606.ENSP00000373696	Thyroid hormone receptor interactor 12; E3 ubiquitin-protein ligase TRIP12; E3 ubiquitin-protein ligase involved in ubiquitin fusion degradation (UFD) pathway and regulation of DNA repair. Part of the ubiquitin fusion degradation (UFD) pathway, a process that mediates ubiquitination of protein at their N-terminus, regardeless of the presence of lysine residues in target proteins. In normal cells, mediates ubiquitination and degradation of isoform p19ARF/ARF of CDKN2A, a lysine-less tumor suppressor required for p53/TP53 activation under oncogenic stress. In cancer cells, however, isofo [...] 
MCL	19	Sky Blue 4	3	UBR1	9606.ENSP00000290650	E3 ubiquitin-protein ligase UBR1; E3 ubiquitin-protein ligase which is a component of the N-end rule pathway. Recognizes and binds to proteins bearing specific N-terminal residues that are destabilizing according to the N-end rule, leading to their ubiquitination and subsequent degradation. May be involved in pancreatic homeostasis. Binds leucine and is a negative regulator of the leucine-mTOR signaling pathway, thereby controlling cell growth; Belongs to the UBR1 family
MCL	20	Sky Blue 2	3	IRF2BPL	9606.ENSP00000238647	Interferon regulatory factor 2-binding protein-like; May contribute to the control of female reproductive function (By similarity). May play a role in gene transcription by transactivating GNRH1 promoter and repressing PENK promoter; Belongs to the IRF2BP family
MCL	20	Sky Blue 2	3	VPS13B	9606.ENSP00000351346	Vacuolar protein sorting-associated protein 13B; May be involved in protein sorting in post Golgi membrane traffic; Belongs to the VPS13 family
MCL	20	Sky Blue 2	3	ZNF462	9606.ENSP00000277225	Zinc finger protein 462; May be involved in transcriptional regulation; Zinc fingers C2H2-type
MCL	21	Sky Blue	3	SOX5	9606.ENSP00000398273	Transcription factor SOX-5; Binds specifically to the DNA sequence 5'-AACAAT-3'. Activates transcription of COL2A1 and AGC1 in vitro; SRY-boxes
MCL	21	Sky Blue	3	TSHZ3	9606.ENSP00000240587	Teashirt homolog 3; Transcriptional regulator involved in developmental processes. Function in association with APBB1, SET and HDAC factors as a transcriptional repressor, that inhibits the expression of CASP4. TSHZ3-mediated transcription repression involves the recruitment of histone deacetylases HDAC1 and HDAC2. Associates with chromatin in a region surrounding the CASP4 transcriptional start site(s). Regulates the development of neurons involved in both respiratory rhythm and airflow control. Promotes maintenance of nucleus ambiguus (nA) motoneurons, which govern upper airway funct [...] 
MCL	21	Sky Blue	3	ZBTB20	9606.ENSP00000419153	Zinc finger and BTB domain-containing protein 20; May be a transcription factor that may be involved in hematopoiesis, oncogenesis, and immune responses. Plays a role in postnatal myogenesis, may be involved in the regulation of satellite cells self-renewal (By similarity); BTB domain containing
MCL	22	Sky Blue 3	3	CELF4	9606.ENSP00000410584	CUGBP Elav-like family member 4; RNA-binding protein implicated in the regulation of pre- mRNA alternative splicing. Mediates exon inclusion and/or exclusion in pre-mRNA that are subject to tissue-specific and developmentally regulated alternative splicing. Specifically activates exon 5 inclusion of cardiac isoforms of TNNT2 during heart remodeling at the juvenile to adult transition. Promotes exclusion of both the smooth muscle (SM) and non-muscle (NM) exons in actinin pre-mRNAs. Activates the splicing of MAPT/Tau exon 10. Binds to muscle-specific splicing enhancer (MSE) intronic site [...] 
MCL	22	Sky Blue 3	3	HNRNPH2	9606.ENSP00000361927	Heterogeneous nuclear ribonucleoprotein H2; This protein is a component of the heterogeneous nuclear ribonucleoprotein (hnRNP) complexes which provide the substrate for the processing events that pre-mRNAs undergo before becoming functional, translatable mRNAs in the cytoplasm. Binds poly(RG); RNA binding motif containing
MCL	22	Sky Blue 3	3	HNRNPU	9606.ENSP00000283179	Heterogeneous nuclear ribonucleoprotein U; DNA- and RNA-binding protein involved in several cellular processes such as nuclear chromatin organization, telomere-length regulation, transcription, mRNA alternative splicing and stability, Xist-mediated transcriptional silencing and mitotic cell progression. Plays a role in the regulation of interphase large-scale gene-rich chromatin organization through chromatin- associated RNAs (caRNAs) in a transcription-dependent manner, and thereby maintains genomic stability. Required for the localization of the long non-coding Xist RNA on the inacti [...] 
MCL	23	Sky Blue 5	3	AUTS2	9606.ENSP00000344087	Autism susceptibility gene 2 protein; Component of a Polycomb group (PcG) multiprotein PRC1- like complex, a complex class required to maintain the transcriptionally repressive state of many genes, including Hox genes, throughout development. PcG PRC1 complex acts via chromatin remodeling and modification of histones; it mediates monoubiquitination of histone H2A 'Lys-119', rendering chromatin heritably changed in its expressibility. The PRC1-like complex that contains PCGF5, RNF2, CSNK2B, RYBP and AUTS2 has decreased histone H2A ubiquitination activity, due to the phosphorylation of R [...] 
MCL	23	Sky Blue 5	3	HECTD4	9606.ENSP00000449784	Probable E3 ubiquitin-protein ligase HECTD4; E3 ubiquitin-protein ligase which accepts ubiquitin from an E2 ubiquitin-conjugating enzyme in the form of a thioester and then directly transfers the ubiquitin to targeted substrates
MCL	23	Sky Blue 5	3	RERE	9606.ENSP00000338629	Arginine-glutamic acid dipeptide repeats protein; Plays a role as a transcriptional repressor during development. May play a role in the control of cell survival. Overexpression of RERE recruits BAX to the nucleus particularly to POD and triggers caspase-3 activation, leading to cell death; GATA zinc finger domain containing
MCL	24	Cornflower Blue 2	2	TRIM23	9606.ENSP00000231524	E3 ubiquitin-protein ligase TRIM23; Acts as an E3 ubiquitin-protein ligase. In the presence of the human cytomegalovirus (HCMV) protein UL144, participates in 'Lys-63'-linked auto-ubiquitination of TRAF6 resulting in the virally controlled activation of NF-kappa-B at early time of infection. The C-terminus can act as an allosteric activator of the cholera toxin catalytic subunit; In the C-terminal section; belongs to the small GTPase superfamily. Arf family
MCL	24	Cornflower Blue 2	2	TSC2	9606.ENSP00000219476	Tuberin; In complex with TSC1, this tumor suppressor inhibits the nutrient-mediated or growth factor-stimulated phosphorylation of S6K1 and EIF4EBP1 by negatively regulating mTORC1 signaling. Acts as a GTPase-activating protein (GAP) for the small GTPase RHEB, a direct activator of the protein kinase activity of mTORC1. May also play a role in microtubule-mediated protein transport. Also stimulates the intrinsic GTPase activity of the Ras-related proteins RAP1A and RAB5; Armadillo-like helical domain containing
MCL	25	Blue	2	DYRK1A	9606.ENSP00000381932	Dual specificity tyrosine-phosphorylation-regulated kinase 1A; Dual-specificity kinase which possesses both serine/threonine and tyrosine kinase activities. May play a role in a signaling pathway regulating nuclear functions of cell proliferation. Modulates alternative splicing by phosphorylating the splice factor SRSF6 (By similarity). Exhibits a substrate preference for proline at position P+1 and arginine at position P- 3. Has pro-survival function and negatively regulates the apoptotic process. Promotes cell survival upon genotoxic stress through phosphorylation of SIRT1. This in t [...] 
MCL	25	Blue	2	KIAA0232	9606.ENSP00000303928	Uncharacterized protein KIAA0232; KIAA0232
MCL	26	Cornflower Blue	2	PTEN	9606.ENSP00000361021	Phosphatase and tensin homolog; Tumor suppressor. Acts as a dual-specificity protein phosphatase, dephosphorylating tyrosine-, serine- and threonine- phosphorylated proteins. Also acts as a lipid phosphatase, removing the phosphate in the D3 position of the inositol ring from phosphatidylinositol 3,4,5-trisphosphate, phosphatidylinositol 3,4-diphosphate, phosphatidylinositol 3- phosphate and inositol 1,3,4,5-tetrakisphosphate with order of substrate preference in vitro PtdIns(3,4,5)P3 > PtdIns(3,4)P2 > PtdIns3P > Ins(1,3,4,5)P4. The lipid phosphatase activity is critical for its tumor  [...] 
MCL	26	Cornflower Blue	2	TCL1B	9606.ENSP00000343223	T-cell leukemia/lymphoma protein 1B; Enhances the phosphorylation and activation of AKT1 and AKT2; Belongs to the TCL1 family
MCL	27	Medium Slate Blue 2	2	NAA15	9606.ENSP00000296543	N-alpha-acetyltransferase 15, NatA auxiliary subunit; Auxillary subunit of the N-terminal acetyltransferase A (NatA) complex which displays alpha (N-terminal) acetyltransferase activity. The NAT activity may be important for vascular, hematopoietic and neuronal growth and development. Required to control retinal neovascularization in adult ocular endothelial cells. In complex with XRCC6 and XRCC5 (Ku80), up-regulates transcription from the osteocalcin promoter; Armadillo-like helical domain containing
MCL	27	Medium Slate Blue 2	2	PSMD12	9606.ENSP00000348442	26S proteasome non-ATPase regulatory subunit 12; Component of the 26S proteasome, a multiprotein complex involved in the ATP-dependent degradation of ubiquitinated proteins. This complex plays a key role in the maintenance of protein homeostasis by removing misfolded or damaged proteins, which could impair cellular functions, and by removing proteins whose functions are no longer required. Therefore, the proteasome participates in numerous cellular processes, including cell cycle progression, apoptosis, or DNA damage repair; Belongs to the proteasome subunit p55 family
MCL	28	Purple	2	MAPRE3	9606.ENSP00000233121	Microtubule-associated protein RP/EB family member 3; Plus-end tracking protein (+TIP) that binds to the plus- end of microtubules and regulates the dynamics of the microtubule cytoskeleton. Promotes microtubule growth. May be involved in spindle function by stabilizing microtubules and anchoring them at centrosomes. Also acts as a regulator of minus-end microtubule organization: interacts with the complex formed by AKAP9 and PDE4DIP, leading to recruit CAMSAP2 to the Golgi apparatus, thereby tethering non-centrosomal minus-end microtubules to the Golgi, an important step for polarized [...] 
MCL	28	Purple	2	SPAST	9606.ENSP00000480893	Spastin; ATP-dependent microtubule severing protein that specifically recognizes and cuts microtubules that are polyglutamylated. Preferentially recognizes and acts on microtubules decorated with short polyglutamate tails: severing activity increases as the number of glutamates per tubulin rises from one to eight, but decreases beyond this glutamylation threshold. Severing activity is not dependent on tubulin acetylation or detyrosination. Microtubule severing promotes reorganization of cellular microtubule arrays and the release of microtubules from the centrosome following nucleation [...] 
MCL	29	Medium Slate Blue	2	CHAMP1	9606.ENSP00000354730	Chromosome alignment-maintaining phosphoprotein 1; Required for proper alignment of chromosomes at metaphase and their accurate segregation during mitosis. Involved in the maintenance of spindle microtubules attachment to the kinetochore during sister chromatid biorientation. May recruit CENPE and CENPF to the kinetochore; Zinc fingers C2H2-type
MCL	29	Medium Slate Blue	2	POGZ	9606.ENSP00000271715	Pogo transposable element with ZNF domain; Plays a role in mitotic cell cycle progression and is involved in kinetochore assembly and mitotic sister chromatid cohesion. Probably through its association with CBX5 plays a role in mitotic chromosome segregation by regulating aurora kinase B/AURKB activation and AURKB and CBX5 dissociation from chromosome arms; DNA transposon derived genes
MCL	30	Medium Purple	2	ALDH5A1	9606.ENSP00000314649	Succinate-semialdehyde dehydrogenase, mitochondrial; Catalyzes one step in the degradation of the inhibitory neurotransmitter gamma-aminobutyric acid (GABA); Aldehyde dehydrogenases
MCL	30	Medium Purple	2	GABRB2	9606.ENSP00000274547	Gamma-aminobutyric acid receptor subunit beta-2; Component of the heteropentameric receptor for GABA, the major inhibitory neurotransmitter in the vertebrate brain. Functions also as histamine receptor and mediates cellular responses to histamine. Functions as receptor for diazepines and various anesthetics, such as pentobarbital; these are bound at a separate allosteric effector binding site. Functions as ligand- gated chloride channel; Gamma-aminobutyric acid type A receptor subunits
MCL	31	Medium Purple 2	2	PAH	9606.ENSP00000448059	Phenylalanine-4-hydroxylase; Catalyzes the hydroxylation of L-phenylalanine to L-tyrosine
MCL	31	Medium Purple 2	2	TBL1XR1	9606.ENSP00000405574	F-box-like/WD repeat-containing protein TBL1XR1; F-box-like protein involved in the recruitment of the ubiquitin/19S proteasome complex to nuclear receptor-regulated transcription units. Plays an essential role in transcription activation mediated by nuclear receptors. Probably acts as integral component of the N-Cor corepressor complex that mediates the recruitment of the 19S proteasome complex, leading to the subsequent proteasomal degradation of N-Cor complex, thereby allowing cofactor exchange, and transcription activation; Belongs to the WD repeat EBI family
MCL	32	Medium Purple 3	2	HIVEP2	9606.ENSP00000356575	Transcription factor HIVEP2; This protein specifically binds to the DNA sequence 5'- GGGACTTTCC-3' which is found in the enhancer elements of numerous viral promoters such as those of SV40, CMV, or HIV1. In addition, related sequences are found in the enhancer elements of a number of cellular promoters, including those of the class I MHC, interleukin-2 receptor, somatostatin receptor II, and interferon- beta genes. It may act in T-cell activation; Zinc fingers C2H2-type
MCL	32	Medium Purple 3	2	TCF4	9606.ENSP00000381382	Transcription factor 4; Transcription factor that binds to the immunoglobulin enchancer Mu-E5/KE5-motif. Involved in the initiation of neuronal differentiation. Activates transcription by binding to the E box (5'-CANNTG-3'). Binds to the E-box present in the somatostatin receptor 2 initiator element (SSTR2-INR) to activate transcription (By similarity). Preferentially binds to either 5'-ACANNTGT-3' or 5'-CCANNTGG-3'; Basic helix-loop-helix proteins
MCL	33	Medium Purple 4	2	ANKRD11	9606.ENSP00000301030	Ankyrin repeat domain-containing protein 11; Chromatin regulator which modulates histone acetylation and gene expression in neural precursor cells (By similarity). May recruit histone deacetylases (HDACs) to the p160 coactivators/nuclear receptor complex to inhibit ligand-dependent transactivation. Has a role in proliferation and development of cortical neural precursors. May also regulate bone homeostasis (By similarity); Ankyrin repeat domain containing
MCL	33	Medium Purple 4	2	NCOA1	9606.ENSP00000385216	Nuclear receptor coactivator 1; Nuclear receptor coactivator that directly binds nuclear receptors and stimulates the transcriptional activities in a hormone-dependent fashion. Involved in the coactivation of different nuclear receptors, such as for steroids (PGR, GR and ER), retinoids (RXRs), thyroid hormone (TRs) and prostanoids (PPARs). Also involved in coactivation mediated by STAT3, STAT5A, STAT5B and STAT6 transcription factors. Displays histone acetyltransferase activity toward H3 and H4; the relevance of such activity remains however unclear. Plays a central role in creating mu [...] 
MCL	34	Orchid 4	2	RAI1	9606.ENSP00000323074	Retinoic acid-induced protein 1; Transcriptional regulator of the circadian clock components: CLOCK, ARNTL/BMAL1, ARNTL2/BMAL2, PER1/3, CRY1/2, NR1D1/2 and RORA/C. Positively regulates the transcriptional activity of CLOCK a core component of the circadian clock. Regulates transcription through chromatin remodeling by interacting with other proteins in chromatin as well as proteins in the basic transcriptional machinery. May be important for embryonic and postnatal development. May be involved in neuronal differentiation
MCL	34	Orchid 4	2	TCF20	9606.ENSP00000352463	Transcription factor 20; Transcriptional activator that binds to the regulatory region of MMP3 and thereby controls stromelysin expression. It stimulates the activity of various transcriptional activators such as JUN, SP1, PAX6 and ETS1, suggesting a function as a coactivator
MCL	35	Orchid 3	2	AP2S1	9606.ENSP00000263270	Adaptor related protein complex 2 sigma 1 subunit; AP-2 complex subunit sigma; Component of the adaptor protein complex 2 (AP-2). Adaptor protein complexes function in protein Transport via Transport vesicles in different membrane traffic pathways. Adaptor protein complexes are vesicle coat components and appear to be involved in cargo selection and vesicle formation. AP-2 is involved in clathrin-dependent endocytosis in which cargo proteins are incorporated into vesicles surrounded by clathrin (clathrin- coated vesicles, CCVs) which are destined for fusion with the early endosome. The [...] 
MCL	35	Orchid 3	2	GRIA2	9606.ENSP00000296526	Glutamate ionotropic receptor ampa type subunit 2; Glutamate receptor 2; Receptor for glutamate that functions as ligand-gated ion channel in the central nervous system and plays an important role in excitatory synaptic transmission. L-glutamate acts as an excitatory neurotransmitter at many synapses in the central nervous system. Binding of the excitatory neurotransmitter L- glutamate induces a conformation change, leading to the opening of the cation channel, and thereby converts the chemical signal to an electrical impulse. The receptor then desensitizes rapidly and enters a transie [...] 
MCL	36	Violet 3	2	NCKAP1	9606.ENSP00000354251	Nck-associated protein 1; Part of the WAVE complex that regulates lamellipodia formation. The WAVE complex regulates actin filament reorganization via its interaction with the Arp2/3 complex. Actin remodeling activity is regulated by RAC1. As component of the WAVE1 complex, required for BDNF-NTRK2 endocytic trafficking and signaling from early endosomes; Belongs to the HEM-1/HEM-2 family
MCL	36	Violet 3	2	ZNF292	9606.ENSP00000358590	Zinc finger protein 292; May be involved in transcriptional regulation; Zinc fingers C2H2-type
MCL	37	Violet	2	PPP1R9B	9606.ENSP00000478767	Neurabin-2; Seems to act as a scaffold protein in multiple signaling pathways. Modulates excitatory synaptic transmission and dendritic spine morphology. Binds to actin filaments (F-actin) and shows cross-linking activity. Binds along the sides of the F-actin. May play an important role in linking the actin cytoskeleton to the plasma membrane at the synaptic junction. Believed to target protein phosphatase 1/PP1 to dendritic spines, which are rich in F-actin, and regulates its specificity toward ion channels and other substrates, such as AMPA-type and NMDA-type glutamate receptors. Pla [...] 
MCL	37	Violet	2	TLK2	9606.ENSP00000316512	Serine/threonine-protein kinase tousled-like 2; Serine/threonine-protein kinase involved in the process of chromatin assembly and probably also DNA replication, transcription, repair, and chromosome segregation. Phosphorylates the chromatin assembly factors ASF1A AND ASF1B. Phosphorylation of ASF1A prevents its proteasome-mediated degradation, thereby enhancing chromatin assembly. Negative regulator of amino acid starvation-induced autophagy
MCL	38	Violet 2	2	DHCR7	9606.ENSP00000347717	7-dehydrocholesterol reductase; Production of cholesterol by reduction of C7-C8 double bond of 7-dehydrocholesterol (7-DHC); Belongs to the ERG4/ERG24 family
MCL	38	Violet 2	2	PCCB	9606.ENSP00000419027	This is one of the 2 subunits of the biotin-dependent propionyl-CoA carboxylase (PCC), a mitochondrial enzyme involved in the catabolism of odd chain fatty acids, branched-chain amino acids isoleucine, threonine, methionine, and valine and other metabolites . Propionyl-CoA carboxylase catalyzes the carboxylation of propionyl-CoA/propanoyl-CoA to D-methylmalonyl- CoA/(S)-methylmalonyl-CoA . Within the holoenzyme, the alpha subunit catalyzes the ATP-dependent carboxylation of the biotin carried by the biotin carboxyl carrier (BCC) domain, while the beta subunit then transfers the carboxy [...] 
MCL	39	Orchid	2	EBF3	9606.ENSP00000357637	Transcription factor COE3; Transcriptional activator. Recognizes variations of the palindromic sequence 5'-ATTCCCNNGGGAATT-3' (By similarity); Belongs to the COE family
MCL	39	Orchid	2	MKX	9606.ENSP00000364946	Homeobox protein Mohawk; May act as a morphogenetic regulator of cell adhesion; TALE class homeoboxes and pseudogenes
MCL	40	Orchid 2	1	NF1	9606.ENSP00000351015	Neurofibromin; Stimulates the GTPase activity of Ras. NF1 shows greater affinity for Ras GAP, but lower specific activity. May be a regulator of Ras activity; Armadillo-like helical domain containing
MCL	41	Hot Pink 2	1	CUL3	9606.ENSP00000264414	Cullin-3; Core component of multiple cullin-RING-based BCR (BTB- CUL3-RBX1) E3 ubiquitin-protein ligase complexes which mediate the ubiquitination and subsequent proteasomal degradation of target proteins. BCR complexes and ARIH1 collaborate in tandem to mediate ubiquitination of target proteins. As a scaffold protein may contribute to catalysis through positioning of the substrate and the ubiquitin-conjugating enzyme. The E3 ubiquitin- protein ligase activity of the complex is dependent on the neddylation of the cullin subunit and is inhibited by the association of the deneddylated cu [...] 
MCL	42	Pink	1	DYNC1H1	9606.ENSP00000348965	Cytoplasmic dynein 1 heavy chain 1; Cytoplasmic dynein 1 acts as a motor for the intracellular retrograde motility of vesicles and organelles along microtubules. Dynein has ATPase activity; the force-producing power stroke is thought to occur on release of ADP. Plays a role in mitotic spindle assembly and metaphase plate congression; Belongs to the dynein heavy chain family
MCL	43	Hot Pink	1	KDM5C	9606.ENSP00000364550	Lysine-specific demethylase 5C; Histone demethylase that specifically demethylates 'Lys- 4' of histone H3, thereby playing a central role in histone code. Does not demethylate histone H3 'Lys-9', H3 'Lys-27', H3 'Lys-36', H3 'Lys-79' or H4 'Lys-20'. Demethylates trimethylated and dimethylated but not monomethylated H3 'Lys-4'. Participates in transcriptional repression of neuronal genes by recruiting histone deacetylases and REST at neuron-restrictive silencer elements. Represses the CLOCK-ARNTL/BMAL1 heterodimer- mediated transcriptional activation of the core clock component PER2 (By [...] 
MCL	44	Pale Violet Red	1	ZMYND8	9606.ENSP00000420095	Protein kinase C-binding protein 1; May act as a transcriptional corepressor for KDM5D. Required for KDM5D-mediated down-regulation of diverse metastasis- associated genes; the function seems to involve the recognition of the dual histone signature H3K4me1-H3K14ac. Suppresses prostate cancer cell invasion; Bromodomain containing
MCL	45	Light Coral 2	1	GIGYF2	9606.ENSP00000387170	GRB10-interacting GYF protein 2; Key component of the 4EHP-GYF2 complex, a multiprotein complex that acts as a repressor of translation initiation. In 4EHP-GYF2 the complex, acts as a factor that bridges EIF4E2 to ZFP36/TTP, linking translation repression with mRNA decay (By similarity). May act cooperatively with GRB10 to regulate tyrosine kinase receptor signaling, including IGF1 and insulin receptors; Belongs to the GIGYF family
MCL	46	Light Coral	1	NR3C2	9606.ENSP00000350815	Mineralocorticoid receptor; Receptor for both mineralocorticoids (MC) such as aldosterone and glucocorticoids (GC) such as corticosterone or cortisol. Binds to mineralocorticoid response elements (MRE) and transactivates target genes. The effect of MC is to increase ion and water transport and thus raise extracellular fluid volume and blood pressure and lower potassium levels; Nuclear hormone receptors
